92,39,26,0,36,34,0,0,0,0,0,75,0,17,16
0,0,45,0,77,0,0,0,29,49,7,45,25,0,0
45,70,78,82,2,0,20,0,55,0,72,0,0,0,45
1,0,23,0,0,0,10,0,0,0,36,1,59,17,0
0,0,0,0,33,63,0,54,0,0,29,0,70,30,85
63,0,66,0,37,75,17,0,0,0,84,0,74,0,58
10,29,0,0,14,53,51,0,16,0,0,74,69,0,0
0,0,10,0,0,60,10,0,56,97,24,73,15,0,0
0,46,84,0,0,0,91,0,24,64,0,0,0,67,95
0,16,47,0,0,89,0,0,0,0,0,0,0,1,44
10,0,53,0,0,41,0,0,0,26,0,94,0,30,82
41,36,65,80,0,34,94,44,2,0,0,0,0,60,0
38,0,0,38,0,30,0,96,86,0,20,58,0,0,54
86,0,0,33,0,0,96,64,85,0,81,47,41,0,32
0,0,0,0,0,0,43,73,71,0,44,0,0,0,0
72,87,65,0,0,53,0,0,71,0,45,0,0,0,0
95,0,0,67,22,18,0,0,34,46,97,0,0,0,0
0,19,15,0,0,20,0,36,0,21,16,70,15,0,20
14,0,0,0,0,47,6,0,0,74,92,36,29,0,39
43,0,0,0,65,24,0,0,0,13,14,0,34,0,0
81,0,23,51,47,79,0,0,0,59,0,98,0,0,80
87,83,69,0,85,0,0,15,0,59,0,0,0,13,90
0,83,76,0,96,0,55,80,3,0,53,0,0,0,54
13,47,61,23,84,0,44,1,38,0,4,10,0,0,0
84,0,78,0,0,74,39,0,34,0,95,0,0,0,63
0,0,88,0,68,0,86,30,79,0,0,0,0,0,0
0,0,32,68,46,0,0,43,0,33,0,56,59,0,0
32,51,36,45,0,27,0,7,0,94,31,0,0,24,0
0,0,21,0,49,33,0,24,99,42,83,72,73,14,91
0,0,3,0,0,37,44,0,54,97,16,12,53,0,18
69,40,0,3,13,26,0,69,0,58,64,0,5,0,37
2,41,0,32,0,0,0,85,0,0,81,55,89,80,99
66,0,84,6,0,96,0,1,0,59,81,53,76,39,0
0,87,5,0,0,0,78,61,40,0,31,0,0,0,0
11,0,34,0,0,79,0,0,49,0,0,75,0,0,0
53,0,0,0,0,0,0,82,89,0,87,0,0,0,0
4,89,0,51,27,39,51,0,98,10,0,0,12,21,0
0,95,77,0,0,0,0,0,0,78,0,53,0,0,83
0,0,8,0,0,0,0,54,75,0,44,0,82,0,0
0,31,0,49,33,4,0,0,0,29,0,36,42,32,60
0,0,74,61,34,0,24,0,60,13,0,6,75,62,60
0,61,29,0,31,13,80,81,0,63,0,0,0,98,0
12,0,0,0,0,0,0,82,0,67,0,9,69,88,0
0,0,0,0,0,0,86,0,71,0,0,62,7,62,0
95,0,11,27,0,0,77,0,27,15,0,58,0,14,32
0,0,0,0,0,0,79,19,36,1,0,0,80,63,36
96,85,42,0,66,0,73,11,23,0,0,41,0,68,98
0,3,0,64,49,0,0,0,0,0,56,38,36,0,0
0,0,0,0,0,3,53,48,22,59,0,0,0,93,0
98,68,0,90,92,0,0,93,36,0,0,39,11,0,92
44,80,0,0,18,33,0,0,18,0,0,0,22,0,29
1,0,46,79,80,50,0,62,13,0,95,67,0,30,0
0,0,13,0,63,0,3,0,96,47,0,0,0,46,17
0,46,58,79,0,82,44,0,0,95,0,0,0,85,1
0,71,0,0,0,55,0,96,0,0,0,0,0,28,0
69,98,0,49,6,0,36,0,0,11,0,0,0,0,0
3,74,0,0,65,0,35,31,0,37,0,20,90,0,82
0,0,75,0,0,0,0,0,38,99,0,0,23,7,55
8,58,85,0,25,58,88,0,0,85,68,0,0,74,87
0,0,78,0,0,0,0,0,79,66,0,0,50,0,0
72,0,50,57,40,85,0,81,0,45,63,90,0,0,0
7,72,22,0,0,0,72,0,0,0,61,56,0,0,14
33,9,91,30,76,93,0,0,39,0,69,0,14,0,89
0,0,0,8,0,63,45,86,83,0,0,58,0,0,0
0,0,78,0,0,46,56,61,60,0,48,0,42,0,0
68,79,0,0,0,63,50,49,79,0,0,0,15,70,0
88,98,18,9,2,0,84,78,0,47,0,0,96,54,0
0,65,0,0,0,0,74,68,0,0,12,89,0,0,14
2,0,78,0,0,0,0,23,0,0,0,95,0,51,26
37,0,30,94,0,0,0,0,56,73,29,42,18,7,0
0,86,24,48,41,97,0,34,0,66,25,0,60,0,16
0,64,0,77,0,0,0,67,95,32,0,0,0,0,9
0,17,25,4,0,0,0,0,0,0,0,0,0,93,26
21,0,0,0,27,48,0,47,0,55,0,0,0,21,0
0,0,45,0,0,0,0,0,0,92,57,15,0,0,0
74,0,0,0,0,0,39,0,63,88,12,0,0,17,76
5,80,0,84,0,10,57,0,0,0,16,12,79,0,96
8,0,0,0,54,48,69,0,94,51,59,0,0,98,0
0,0,0,56,0,72,0,0,0,0,0,60,41,0,88
35,0,52,70,0,74,0,86,0,0,0,47,23,46,0
74,0,0,0,0,83,0,92,0,0,42,75,0,59,0
2,43,0,34,0,0,68,0,0,81,22,52,0,0,0
14,0,41,87,3,71,0,0,8,0,0,0,60,0,84
90,0,0,0,0,8,0,31,0,0,85,0,0,50,73
0,13,0,25,25,0,0,11,0,6,0,87,0,83,67
47,2,64,91,0,46,0,0,24,0,63,58,14,98,60
0,67,36,98,17,0,0,97,0,0,57,0,72,0,0
76,0,65,28,0,92,0,0,4,1,0,7,0,12,56
56,33,0,41,0,77,0,34,0,8,73,22,0,86,48
0,0,30,0,12,0,0,0,0,34,28,66,0,83,0
89,0,0,0,68,88,20,0,6,0,0,0,99,0,48
71,0,99,0,85,0,53,94,0,0,30,25,0,4,0
53,0,0,25,16,0,0,40,26,0,0,0,0,0,0
76,0,0,2,0,0,58,42,0,95,44,13,22,63,66
0,12,0,0,15,85,72,0,16,43,0,0,0,37,0
0,0,66,0,0,0,50,96,0,0,0,95,44,1,0
6,59,93,11,0,11,0,0,0,0,43,17,33,0,0
0,46,79,4,79,0,21,39,0,4,58,0,88,62,82
91,38,0,0,0,74,0,35,0,13,31,90,0,0,5
0,80,0,0,42,51,0,0,0,0,85,79,0,0,38
0,0,0,4,20,0,0,0,9,49,0,53,17,12,6
28,0,18,0,0,19,67,7,54,69,90,0,62,0,0
62,0,0,39,34,2,69,57,0,33,0,0,0,95,0
0,0,0,0,25,0,39,51,0,42,0,53,0,0,0
27,85,0,47,0,0,0,22,0,94,0,0,44,0,0
0,23,0,61,62,0,11,0,0,0,66,0,0,0,76
0,0,5,0,57,54,0,47,0,83,0,17,69,10,0
0,10,23,89,75,16,58,43,4,56,0,0,0,69,31
0,58,0,21,57,0,5,0,0,0,60,75,0,0,27
0,0,67,34,0,0,39,98,21,86,21,69,0,0,0
0,0,0,0,54,0,74,0,6,59,0,46,0,51,33
0,60,91,2,29,0,0,0,37,0,0,0,10,0,0
0,2,56,0,0,59,0,0,0,17,0,0,0,0,0
97,0,12,0,11,0,73,0,0,19,0,0,56,6,0
90,0,0,74,0,44,31,0,0,0,0,0,49,73,96
0,25,0,0,0,0,0,55,7,49,0,38,68,36,0
99,0,0,65,72,0,0,77,74,0,68,0,40,0,0
0,0,73,53,0,0,0,0,0,54,0,0,0,93,92
0,0,0,0,0,0,3,87,54,0,0,0,0,89,0
0,0,71,0,53,64,96,0,0,97,74,0,32,98,0
8,0,15,0,0,15,64,47,41,85,0,89,0,0,0
0,98,0,0,0,0,71,0,42,0,98,0,0,11,19
0,0,0,82,84,15,32,55,67,0,0,0,0,39,0
55,91,60,0,0,0,0,0,0,91,0,50,53,39,93
64,56,17,88,19,97,0,94,88,98,46,64,0,43,0
7,76,20,43,0,55,12,72,0,0,0,0,0,5,42
0,0,6,83,0,0,0,32,49,0,0,28,9,0,52
0,61,0,46,0,0,0,0,99,0,55,22,45,57,31
32,53,0,0,10,0,73,0,31,0,91,0,0,0,0
0,17,0,0,6,85,29,0,45,0,0,0,30,0,0
82,40,0,0,0,0,0,0,0,0,0,0,0,0,0
0,47,8,0,44,0,2,0,0,89,32,0,42,95,28
0,0,0,72,80,0,0,0,0,6,78,39,0,15,0
0,13,12,99,61,0,64,0,0,47,0,52,0,19,0
0,0,14,69,83,88,0,0,0,21,0,0,9,0,15
95,7,0,0,19,48,0,0,0,0,21,29,82,0,33
0,1,0,63,83,76,0,66,0,94,0,5,87,0,0
82,0,0,85,72,69,0,57,44,80,0,0,14,77,87
12,0,0,0,68,31,0,0,70,65,0,0,0,85,0
12,78,9,87,47,0,72,0,0,0,0,0,1,0,20
83,0,0,15,13,13,17,9,0,0,85,0,85,0,10
88,0,80,4,0,0,73,64,66,0,0,0,5,0,84
0,0,43,0,0,64,0,0,0,61,71,86,0,0,0
0,64,0,79,53,97,78,61,0,0,0,79,0,0,0
82,0,0,0,0,21,0,28,0,43,79,85,0,0,0
0,1,0,0,0,0,70,0,0,0,60,0,62,0,0
80,0,0,56,45,24,0,8,0,0,22,0,6,0,43
28,0,17,24,0,0,63,0,0,0,0,0,70,47,0
80,53,0,0,0,55,9,0,15,0,0,0,0,0,4
0,0,34,57,3,0,0,45,99,0,46,62,45,27,44
0,0,93,98,88,0,91,68,14,0,0,0,0,48,58
54,93,0,52,14,84,0,0,39,82,6,55,0,89,0
0,65,87,0,0,0,0,0,36,22,30,0,31,75,0
0,31,0,26,0,16,4,96,36,11,0,45,0,0,10
0,0,0,97,19,82,71,0,0,0,0,74,0,82,94
0,0,0,57,0,0,0,0,79,80,0,97,0,0,60
43,58,0,31,65,0,0,0,0,0,64,69,65,0,0
0,0,54,0,21,92,40,56,0,47,0,0,51,0,0
27,29,0,0,57,37,0,3,56,57,7,0,0,42,0
0,0,44,84,0,81,0,0,97,57,51,47,96,68,0
7,0,58,0,18,85,0,36,0,98,0,66,20,0,0
0,69,84,0,0,0,10,97,0,60,34,0,0,84,18
31,64,0,6,19,90,65,55,0,0,80,22,1,94,96
88,0,15,99,0,0,0,0,0,0,0,0,0,9,62
14,67,0,0,18,0,23,0,96,62,0,0,64,57,0
41,0,0,0,1,0,41,0,0,10,0,0,0,78,30
0,89,0,0,0,75,0,0,73,0,63,0,0,0,87
0,62,63,43,32,0,0,19,0,90,0,0,59,83,0
0,98,49,62,52,26,1,0,0,0,0,0,57,0,0
63,73,86,88,0,0,39,0,0,0,45,15,69,0,17
27,0,0,0,0,0,0,0,95,0,0,0,0,0,0
10,93,94,0,57,4,87,0,14,82,0,2,0,61,0
0,48,89,0,18,71,0,52,0,42,58,0,0,83,0
0,68,80,88,0,0,0,93,44,65,0,37,85,0,0
91,13,0,0,49,0,83,28,15,67,0,47,66,23,18
0,0,22,0,25,63,49,0,0,64,0,36,31,0,0
62,0,0,37,0,97,65,0,0,0,0,0,2,59,17
94,77,0,0,0,0,17,0,0,0,0,91,0,0,84
75,0,47,0,97,68,0,23,0,61,0,98,87,0,57
50,61,72,0,0,0,0,0,43,36,8,89,56,0,0
35,46,63,41,9,28,0,77,68,89,1,0,0,60,0
59,57,0,0,73,0,26,0,0,81,38,0,0,0,13
1,0,72,79,0,0,0,47,0,95,0,33,0,0,0
75,0,30,56,95,0,0,0,13,0,0,0,0,0,87
0,0,14,24,0,48,12,15,15,82,0,95,53,0,60
0,19,62,75,0,0,0,0,0,0,23,29,84,79,72
0,54,4,0,28,93,71,0,75,0,29,8,47,0,0
12,0,89,0,0,0,96,0,0,0,0,95,0,0,0
59,0,0,0,0,0,66,66,0,0,0,49,0,0,0
90,0,0,9,0,72,0,5,0,0,0,61,12,81,0
0,0,0,0,0,0,1,94,95,59,77,95,0,0,0
13,0,5,95,0,0,78,79,83,0,25,72,0,57,97
0,23,0,0,56,0,0,1,23,0,0,73,2,0,75
0,0,0,0,88,68,0,76,1,83,5,26,64,0,0
0,87,0,0,32,0,0,4,0,74,0,0,0,88,34
0,91,0,57,0,91,0,31,0,0,0,17,0,13,87
84,74,19,0,57,74,44,81,0,68,61,99,0,78,57
0,50,69,0,53,13,0,16,0,96,99,4,87,23,0
0,0,0,90,38,18,0,51,0,63,71,96,0,44,11
55,0,0,0,0,0,94,0,0,97,79,13,61,93,0
0,98,60,0,83,81,57,0,82,65,0,57,0,81,0
0,5,85,4,0,0,27,0,54,18,0,86,0,0,28
0,82,62,29,0,0,97,62,0,17,90,27,0,0,74
84,0,40,0,0,0,33,0,0,0,60,24,0,45,0
77,0,0,79,59,59,15,96,65,93,0,17,0,0,8
0,0,22,93,6,54,0,0,39,22,10,0,67,43,33
57,66,60,59,59,96,0,0,0,0,89,0,12,0,0
24,29,37,0,0,91,79,13,0,0,0,0,87,38,19
0,0,28,0,89,20,0,0,16,0,0,98,97,0,0
0,6,21,0,0,89,27,71,0,0,40,0,0,32,0
0,0,0,40,0,0,79,64,0,0,0,0,0,1,0
0,0,43,0,34,65,0,0,0,0,0,69,34,69,0
0,0,0,0,30,0,0,47,0,61,0,0,0,0,0
0,4,0,0,0,0,94,13,29,13,0,86,71,0,85
87,21,84,97,66,0,54,46,12,0,0,0,0,0,50
0,13,0,32,0,0,0,16,0,12,0,0,0,4,0
0,0,74,0,19,0,0,0,0,0,73,0,7,5,27
68,83,0,0,0,0,78,88,0,40,0,15,9,0,0
83,45,24,87,0,85,0,45,0,12,60,58,51,0,76
0,0,0,53,60,94,0,0,46,87,0,60,5,21,82
55,92,24,0,71,87,16,5,51,0,79,7,0,0,50
0,64,0,78,98,85,95,52,88,30,0,0,61,8,0
0,0,63,24,0,0,40,33,80,0,0,90,10,45,0
5,0,54,45,19,0,0,3,0,0,92,32,33,81,82
0,61,0,0,59,52,0,0,60,0,37,0,0,53,0
79,0,0,57,0,0,0,7,26,0,25,29,0,0,93
12,31,0,0,0,68,0,94,0,98,17,0,0,0,56
0,18,0,4,0,83,70,61,44,0,65,88,41,46,92
71,0,11,88,77,0,14,87,0,71,63,0,0,31,27
0,0,0,0,0,92,82,93,0,0,29,0,0,0,0
77,2,38,48,0,60,0,60,37,18,0,0,22,0,27
61,1,0,0,31,0,23,0,0,53,29,76,0,98,70
0,78,0,0,0,28,84,86,0,37,9,81,25,13,62
15,0,0,75,0,62,0,0,4,35,22,0,48,55,56
0,61,73,6,2,0,0,44,97,0,94,13,83,0,0
0,0,55,0,0,0,80,0,0,0,0,56,0,0,0
0,0,0,87,0,0,34,12,0,92,1,0,0,0,0
1,0,91,0,0,0,0,69,0,0,73,74,0,84,61
0,40,0,71,42,0,0,0,8,0,0,51,0,43,73
61,26,34,0,0,0,0,18,58,73,44,33,7,40,0
0,0,43,0,0,0,68,0,0,0,0,0,37,77,0
0,0,30,80,7,51,84,0,0,5,0,0,0,30,0
66,0,70,0,25,56,0,0,0,0,0,88,0,0,83
74,37,0,0,0,14,0,44,18,87,62,63,52,24,0
0,0,0,20,55,0,0,0,0,0,0,3,0,0,72
0,0,0,62,19,36,19,70,0,0,68,0,0,0,88
87,0,79,0,0,0,56,0,44,0,50,13,0,0,0
3,0,11,42,0,0,52,13,14,53,7,0,0,0,0
0,64,0,0,0,86,55,49,0,0,0,21,0,38,15
96,0,0,72,0,27,0,0,0,70,97,15,9,82,0
66,0,0,0,58,0,0,0,2,0,0,90,0,3,0
83,0,0,46,52,0,0,17,0,0,4,0,8,0,31
0,0,0,83,0,0,91,48,67,32,0,70,62,0,94
0,1,0,0,56,0,0,15,0,0,15,26,0,80,72
0,97,0,19,69,94,0,92,0,0,0,44,0,0,0
12,26,63,46,0,7,0,14,0,0,0,61,7,0,0
34,10,31,3,0,0,48,83,83,75,82,54,5,7,45
78,99,0,0,54,4,75,48,11,0,96,38,0,0,0
0,54,91,0,0,0,0,0,16,0,12,0,0,0,86
0,91,72,0,0,0,0,0,45,37,0,0,92,0,80
93,24,15,0,87,49,35,0,49,4,95,62,0,0,0
0,0,61,0,0,43,0,84,0,13,7,30,0,46,0
6,11,0,61,64,0,35,0,35,65,0,29,94,0,0
0,0,0,20,0,50,90,0,59,14,0,65,56,22,0
0,87,93,0,0,58,0,38,33,0,0,54,14,0,0
78,0,0,4,0,0,0,0,20,0,41,0,0,18,0
0,63,55,71,0,0,5,0,22,70,0,29,47,32,0
0,0,0,0,0,69,17,0,91,39,29,0,0,0,0
77,21,31,0,97,1,77,0,97,0,59,0,0,0,35
0,0,0,0,0,0,0,62,7,0,0,95,0,0,33
1,2,90,26,0,0,33,0,59,0,88,20,26,0,0
64,0,77,47,45,0,0,24,44,63,37,39,0,73,84
0,80,0,0,68,76,65,0,9,0,0,81,52,54,56
0,0,57,0,0,3,34,0,79,83,86,0,10,16,0
0,0,42,56,12,22,81,92,0,36,72,0,22,0,79
0,0,53,0,62,74,0,49,12,0,0,0,80,79,31
0,0,0,89,0,16,87,11,0,31,0,2,0,36,11
29,62,0,55,64,0,27,0,75,0,60,0,0,0,0
0,48,99,0,0,13,84,48,28,0,82,97,41,67,18
0,90,0,16,33,89,0,0,68,51,82,5,0,69,0
0,56,0,38,0,30,0,0,0,55,0,0,0,0,0
56,0,59,0,0,4,0,99,84,0,43,36,54,0,0
0,33,61,74,0,25,0,0,0,39,12,66,0,0,81
97,0,0,0,0,83,0,0,68,87,68,0,94,0,62
0,0,22,68,0,0,86,92,0,17,1,18,88,34,36
70,0,31,0,0,93,0,0,76,47,62,0,42,0,95
0,0,0,89,53,48,11,0,90,53,92,0,0,0,0
0,57,0,0,0,91,0,67,0,0,0,67,28,0,0
59,29,14,0,0,21,0,0,0,0,0,87,75,0,0
7,0,0,97,0,0,0,0,27,0,0,0,0,0,0
79,45,31,0,0,87,0,43,0,27,0,23,0,0,36
0,78,0,0,35,62,62,37,76,0,97,0,84,0,0
0,54,0,55,72,0,89,0,0,27,0,67,90,0,44
58,0,0,99,0,0,66,57,97,60,0,87,0,17,54
0,97,0,17,11,65,54,1,0,77,0,0,81,63,0
0,0,0,34,40,30,0,47,61,25,69,0,0,50,12
0,0,53,0,0,0,79,51,29,47,65,89,63,0,57
73,0,74,82,17,0,66,76,0,1,77,92,0,0,0
0,75,26,0,0,0,75,0,0,98,0,0,31,0,25
0,0,0,69,0,0,82,0,0,0,0,0,21,39,0
0,0,40,0,0,0,86,3,0,44,0,0,50,67,20
0,6,89,0,0,0,69,0,0,14,58,0,72,37,65
0,17,42,73,0,86,0,79,45,75,37,7,84,89,59
84,65,93,60,73,27,69,0,0,99,27,63,0,97,93
95,0,50,0,4,81,0,0,57,71,48,87,0,50,0
30,88,5,0,0,45,0,0,0,42,0,77,11,0,0
19,35,27,57,44,10,0,79,0,0,7,0,9,71,0
0,0,92,0,0,70,0,23,0,61,93,49,66,0,21
0,58,0,90,0,90,0,64,9,8,0,0,0,81,0
0,70,0,22,0,0,39,25,0,1,0,0,55,0,0
0,73,0,9,0,85,0,52,0,0,55,0,55,0,71
0,97,0,0,1,0,93,0,0,0,0,44,0,39,0
0,39,0,54,41,68,0,0,0,3,0,0,66,63,44
0,0,0,79,0,0,0,33,0,47,0,44,0,9,33
32,0,0,6,87,48,65,0,0,36,0,48,97,0,0
0,69,14,1,0,0,14,0,14,0,70,0,52,0,0
0,0,0,97,0,79,15,54,0,0,54,0,0,0,0
0,40,0,22,0,0,46,0,0,0,11,0,0,0,0
0,0,93,0,91,0,53,0,87,99,0,14,0,21,35
73,84,0,0,37,0,0,68,0,0,0,0,0,90,0
0,0,28,51,0,0,0,0,0,48,6,4,0,25,76
95,12,5,75,90,25,0,0,52,0,0,0,70,90,0
0,0,77,0,94,3,0,13,59,30,63,0,0,0,99
0,0,77,0,49,16,0,0,0,0,75,59,0,28,26
5,0,26,67,0,2,0,31,0,55,56,47,13,0,90
0,0,0,0,46,0,0,0,52,0,2,0,21,0,24
0,0,14,77,0,6,0,66,50,0,0,83,47,66,91
22,20,72,0,0,0,0,89,0,96,0,0,81,69,0
0,0,0,0,0,65,0,0,0,0,78,95,67,40,81
0,26,57,0,0,73,73,0,0,0,53,34,0,0,76
0,52,0,45,0,0,0,0,0,74,7,40,0,87,5
0,0,96,30,0,0,0,0,4,0,0,0,59,54,94
0,33,18,65,71,39,0,23,77,31,0,95,0,0,29
0,87,0,0,0,8,84,39,0,27,0,74,0,0,0
0,74,17,37,0,98,0,44,92,68,0,0,0,7,0
0,17,0,0,20,85,98,0,25,0,0,12,23,73,0
0,17,0,0,0,0,93,67,0,0,53,49,0,25,17
40,0,11,0,64,0,0,52,0,0,30,0,0,0,0
0,0,18,0,0,60,16,0,0,14,0,97,96,35,20
75,0,43,0,34,0,48,0,0,36,0,0,0,41,26
75,96,0,0,58,0,0,0,0,0,0,0,33,0,74
0,17,0,74,0,76,0,43,53,17,91,53,0,0,56
0,59,0,0,31,49,0,0,0,0,0,27,0,75,0
81,20,65,0,43,0,0,53,0,67,0,0,0,78,0
38,65,1,0,0,17,5,0,0,47,41,0,0,62,15
18,46,53,36,43,86,0,22,90,0,67,11,0,0,76
85,0,22,0,0,57,0,2,34,0,35,0,0,0,0
72,92,71,34,65,0,88,41,0,19,53,0,0,0,0
0,0,0,3,84,0,0,0,0,0,5,0,81,22,0
0,6,0,0,0,47,11,79,0,0,48,0,0,53,50
91,0,64,44,0,0,26,0,0,98,56,0,0,44,29
0,93,0,0,38,0,0,0,74,0,0,0,64,17,32
58,81,85,99,0,86,47,84,0,35,7,70,0,0,0
72,41,29,9,0,22,0,0,25,0,10,0,87,0,0
77,73,0,0,72,46,19,0,1,0,0,0,90,36,0
0,0,94,0,0,0,40,15,15,97,74,27,0,19,58
72,0,8,0,53,0,0,70,0,40,51,0,0,0,0
85,67,0,83,0,25,0,46,0,0,73,30,96,55,0
0,0,0,0,0,0,12,0,68,79,0,0,7,58,0
0,0,1,0,25,73,0,0,16,0,36,64,85,21,23
0,0,0,30,0,0,75,0,17,0,73,0,24,0,38
74,0,0,10,0,0,67,20,0,63,0,0,0,68,71
51,0,63,0,41,0,0,0,0,0,0,0,39,0,0
0,0,0,90,0,71,0,6,86,21,33,0,19,0,0
0,0,0,0,0,0,52,73,0,0,44,83,29,97,0
60,58,40,79,61,0,0,0,0,79,0,27,48,67,12
0,34,0,0,0,0,84,54,18,1,32,95,24,0,22
53,0,1,35,0,74,0,57,60,44,0,0,48,97,76
0,0,19,0,0,0,0,65,0,18,17,0,0,34,0
0,96,0,36,0,3,72,55,9,0,19,0,0,74,23
80,72,0,0,11,0,0,69,0,0,0,25,23,0,0
0,0,51,73,58,0,71,0,0,0,0,34,24,0,65
6,0,29,29,23,0,10,0,46,85,0,43,0,0,0
0,49,0,0,0,92,28,0,3,0,63,65,25,23,89
0,61,56,90,75,10,0,0,87,0,86,53,95,38,0
0,69,0,0,0,0,0,20,0,59,0,0,0,22,0
0,0,0,43,0,22,0,0,0,0,13,82,15,0,87
85,0,0,0,3,48,0,0,0,40,90,0,20,0,0
0,42,0,94,0,57,0,0,92,78,76,0,0,84,11
9,67,0,0,0,7,12,16,28,89,56,84,0,81,0
19,65,36,51,0,43,0,45,0,38,70,0,50,0,17
98,97,0,94,0,0,0,40,0,39,0,0,0,33,0
43,0,0,79,0,0,1,28,0,0,0,0,84,46,0
0,0,0,70,0,51,13,0,0,0,2,0,35,0,84
76,73,0,78,0,0,0,47,0,26,0,77,0,0,32
0,0,90,0,0,55,79,0,79,88,71,93,46,0,16
0,23,58,0,0,52,0,72,0,0,20,0,0,12,49
0,31,0,0,0,17,86,0,91,0,47,32,59,19,28
0,0,0,0,44,0,0,0,0,0,12,64,13,17,40
39,51,0,25,66,94,10,0,0,0,65,61,0,78,50
0,0,67,0,0,0,42,7,47,13,33,27,81,3,0
0,89,58,0,0,0,0,68,8,0,0,0,0,80,48
39,0,0,0,29,0,0,31,0,1,0,82,13,12,0
0,20,69,35,0,38,0,0,84,47,0,0,88,0,0
0,0,0,0,64,75,0,0,31,73,26,0,0,0,0
78,0,70,0,26,0,7,0,90,0,0,0,0,73,0
0,91,10,0,86,0,63,19,0,0,0,88,0,0,88
39,0,23,13,0,92,0,82,58,0,33,83,0,0,78
36,0,20,38,53,50,0,0,61,0,92,0,55,67,0
48,0,63,0,50,0,0,19,0,0,0,24,66,0,22
23,0,8,13,64,0,0,26,88,70,0,0,73,0,0
47,0,39,0,94,58,41,43,2,0,63,0,70,30,0
0,0,0,72,58,0,0,0,69,0,0,0,12,70,0
51,0,0,29,0,0,38,0,24,0,0,39,7,0,33
70,70,0,18,0,0,39,0,0,0,0,0,0,0,71
10,68,0,0,0,0,99,67,0,0,17,32,0,3,21
96,0,0,26,93,51,11,0,7,0,0,53,44,47,0
66,16,40,0,3,58,34,3,18,0,27,0,75,96,0
65,0,4,12,5,0,0,0,0,91,27,68,0,0,0
48,0,0,49,0,0,0,0,0,59,47,38,38,99,68
0,0,81,67,0,29,0,0,0,0,0,0,43,0,87
0,0,15,45,0,0,0,71,51,80,3,69,50,0,40
25,54,93,0,13,0,37,0,51,45,77,67,39,0,0
12,48,0,0,0,0,30,0,0,0,35,64,42,19,0
38,0,0,0,17,0,52,58,95,47,0,85,0,0,0
93,0,0,92,1,68,0,73,0,25,73,0,0,64,75
25,84,0,0,32,0,0,0,50,64,0,0,0,87,87
1,8,0,58,17,75,0,0,85,0,0,0,0,0,51
92,46,2,1,70,0,0,45,0,0,80,0,0,0,17
0,0,83,76,4,0,0,83,2,0,8,0,78,98,0
0,10,0,0,0,0,58,0,3,54,0,88,92,0,0
84,0,25,0,96,0,0,10,71,41,0,0,23,0,0
0,50,2,0,82,0,96,0,0,0,0,97,28,32,29
0,0,0,0,41,0,88,0,51,94,75,70,43,0,0
0,0,0,98,0,0,2,0,57,0,62,0,37,54,22
0,86,0,0,0,27,3,54,0,46,0,12,64,61,74
27,0,98,0,27,38,0,0,40,0,46,0,78,0,0
0,17,80,0,0,24,81,45,73,19,79,32,50,0,0
0,23,92,56,47,0,60,5,85,81,0,0,41,47,0
0,2,4,0,0,66,0,12,0,76,15,53,14,0,0
59,29,0,19,93,0,14,0,0,0,0,58,0,87,19
0,33,27,0,53,56,0,64,0,0,47,0,0,40,90
64,79,47,0,55,0,0,62,3,0,0,65,38,0,85
0,0,0,83,0,0,0,0,55,39,90,0,81,0,0
0,10,0,0,25,0,29,10,72,68,0,26,0,96,0
16,0,0,0,19,25,88,0,65,18,0,99,0,19,71
0,0,0,0,73,19,0,30,50,0,0,6,4,0,25
41,0,0,63,0,0,20,33,0,80,63,0,0,0,0
0,0,0,0,0,82,96,93,0,24,0,0,0,0,0
0,0,0,97,0,38,0,17,1,34,51,12,21,0,23
10,88,0,0,0,0,13,0,62,0,36,0,86,0,89
0,48,32,0,54,0,49,80,50,0,82,0,0,0,50
65,86,0,76,0,13,87,0,0,23,21,65,30,84,0
39,0,0,97,66,65,0,15,19,0,0,39,0,96,12
0,0,87,0,0,36,0,33,0,0,0,0,0,0,66
99,49,0,0,30,23,0,55,0,75,65,3,10,0,0
0,0,0,0,0,12,22,4,0,38,0,0,65,0,4
2,40,60,52,65,40,0,0,88,97,97,7,63,60,0
24,0,93,0,93,0,83,0,0,0,0,0,23,0,76
0,13,0,10,0,0,31,0,0,17,13,0,62,0,19
0,12,35,0,0,0,14,0,1,0,0,0,43,0,0
0,78,0,0,0,0,0,0,36,0,79,47,21,0,72
89,0,0,35,61,0,0,20,73,0,8,58,88,0,0
0,0,0,15,0,51,0,0,54,0,51,18,68,8,0
0,0,69,0,43,0,0,30,0,91,0,33,1,52,19
0,0,70,0,0,9,0,0,95,29,0,31,0,75,0
0,0,0,0,0,0,79,13,96,0,0,0,0,0,19
0,19,16,0,0,0,0,0,61,74,0,70,0,0,71
0,26,66,95,0,31,88,0,9,89,88,0,0,52,28
0,0,74,0,60,0,42,61,48,63,33,0,26,64,86
29,0,0,87,0,0,33,90,84,0,0,0,0,0,0
17,0,92,0,24,83,97,47,0,0,30,69,0,93,77
0,0,9,0,45,63,0,13,28,76,0,67,50,7,20
34,59,90,75,0,0,46,58,0,0,90,0,0,0,0
0,25,0,46,55,71,0,0,0,0,84,53,8,0,0
84,13,40,0,16,75,35,50,0,86,0,24,0,11,0
64,0,0,0,3,47,43,0,20,81,0,0,0,0,61
71,0,59,0,73,0,63,62,44,0,0,0,9,0,21
0,0,33,81,11,43,78,0,27,78,20,26,76,0,84
14,64,46,87,0,19,28,0,29,60,97,0,0,0,0
37,0,0,89,0,9,33,0,52,0,46,0,65,10,0
0,0,0,16,28,0,87,51,0,0,17,0,81,0,0
0,0,0,0,0,3,86,96,0,0,0,0,37,0,0
29,39,4,73,12,0,70,0,98,31,16,0,0,76,70
0,22,95,98,0,92,0,0,0,0,0,0,0,0,0
54,0,17,36,0,0,53,0,0,0,0,0,42,80,5
0,0,4,0,93,0,44,0,0,50,10,0,0,0,2
54,25,0,0,0,0,0,92,10,0,31,0,44,0,45
56,0,0,85,42,8,26,70,0,0,81,0,0,0,0
0,96,0,0,0,91,86,0,43,0,85,28,0,0,47
80,0,44,0,69,86,74,61,10,25,0,0,0,81,0
25,82,55,28,0,50,96,0,78,0,84,0,39,43,0
18,0,41,0,0,0,52,0,16,0,35,58,0,0,6
0,0,0,94,77,88,0,35,0,81,0,0,75,93,0
82,63,0,0,0,91,0,76,0,0,0,0,20,53,7
0,55,18,37,0,0,0,73,0,26,69,4,76,0,0
25,93,0,0,0,72,67,63,0,66,74,0,31,32,49
0,17,0,0,9,0,0,80,95,64,83,0,15,12,0
0,0,87,93,0,0,87,36,0,0,18,0,0,0,0
0,0,0,14,42,0,0,80,77,47,0,0,0,7,0
0,0,0,0,77,34,33,3,0,0,83,21,27,0,0
0,45,4,0,0,0,7,0,87,0,0,2,0,58,61
91,0,17,8,0,0,0,0,19,0,0,53,43,0,51
0,3,0,46,15,0,0,50,0,0,0,0,78,0,0
0,48,0,32,88,71,77,0,17,0,0,0,0,7,98
0,0,0,27,3,0,0,17,0,0,5,0,0,0,62
26,0,68,23,0,47,0,1,94,0,10,67,0,28,0
16,61,43,76,0,0,0,14,1,1,0,0,0,83,0
0,13,55,0,0,60,62,0,3,29,19,34,0,42,7
44,27,36,0,0,51,0,0,0,17,23,0,0,25,0
87,95,3,0,0,0,0,0,39,0,56,57,96,0,97
0,29,66,74,0,59,32,0,0,3,0,22,22,69,0
79,96,83,48,40,68,67,0,0,0,0,46,0,0,0
34,55,0,96,0,0,19,0,19,34,0,0,30,67,0
0,67,0,55,17,0,91,51,47,0,0,82,0,25,0
0,0,9,0,40,63,0,34,94,95,20,0,0,0,0
0,0,0,34,68,63,9,0,71,0,0,0,0,0,99
45,86,0,0,9,59,0,82,72,0,0,26,0,0,59
0,0,0,38,0,0,25,0,0,72,0,0,92,40,83
55,0,25,0,0,2,16,0,93,40,46,0,0,0,55
0,86,0,0,14,88,0,0,0,0,0,0,71,92,54
27,4,0,14,1,0,56,0,73,0,75,14,0,0,5
27,0,0,0,0,0,0,0,70,0,0,85,0,16,49
30,41,94,18,9,42,0,0,35,0,54,19,72,0,1
54,71,0,66,0,0,0,4,97,0,0,40,0,72,8
2,22,0,0,0,47,95,0,54,0,26,16,61,79,0
97,0,7,53,3,0,44,89,41,21,0,50,0,61,54
0,15,0,52,0,45,0,0,0,98,88,0,71,85,0
0,0,65,16,71,25,76,0,0,16,0,0,0,0,0
39,0,60,45,77,2,0,21,0,0,85,0,0,50,71
0,32,38,0,8,0,10,0,48,0,0,52,0,97,15
78,6,0,0,0,35,88,72,30,33,0,39,0,0,0
89,0,0,40,0,0,0,0,0,57,0,0,19,11,65
0,63,27,0,61,0,0,0,0,6,0,0,0,48,23
74,85,0,0,0,0,0,0,0,0,67,95,48,39,62
0,0,27,50,45,0,0,69,0,32,82,61,73,49,97
0,17,0,17,0,83,0,80,41,91,49,93,0,0,45
79,72,86,45,49,87,52,0,0,0,0,44,0,0,0
0,0,0,0,0,91,0,24,0,25,16,0,10,0,0
63,62,22,79,62,0,0,0,18,0,0,0,0,0,0
11,48,66,90,0,0,41,0,96,0,69,0,0,0,0
75,0,0,5,80,57,79,29,0,0,31,0,22,5,0
17,0,63,0,21,0,37,0,0,99,58,92,0,91,0
41,0,10,0,45,52,41,25,35,29,0,28,0,0,0
38,0,63,0,66,0,10,0,25,0,56,0,7,89,0
0,0,0,55,80,30,30,77,38,56,44,49,0,8,0
2,41,58,0,0,0,68,0,0,0,14,0,97,14,97
89,0,0,0,93,0,98,0,0,32,58,0,77,30,75
0,0,37,16,0,58,0,42,0,84,0,0,0,76,51
0,91,0,40,50,0,0,0,0,0,0,0,91,85,56
20,0,0,25,70,16,0,2,0,25,64,0,0,10,30
0,12,56,0,81,72,87,0,58,0,76,38,0,0,54
0,94,28,30,0,0,0,65,23,77,3,65,0,26,60
97,0,0,0,91,11,19,65,37,96,23,0,92,0,42
0,14,0,57,0,0,46,12,25,45,31,0,0,1,69
90,0,65,0,0,17,28,0,0,0,0,70,92,0,0
0,8,0,0,0,0,0,0,82,64,0,0,45,0,76
0,2,0,44,0,0,70,11,0,81,32,25,0,38,91
0,0,0,52,24,0,96,0,72,76,77,86,94,71,0
0,0,0,0,24,23,0,0,0,0,76,0,16,99,8
58,53,66,57,15,56,0,89,0,0,0,20,89,49,81
0,0,0,80,69,0,0,90,93,61,0,0,0,55,2
0,0,0,12,68,3,0,17,36,56,0,20,0,0,45
0,20,0,48,2,0,73,0,0,0,0,0,85,7,0
0,0,69,0,0,0,17,0,33,0,4,0,97,0,16
11,55,0,42,0,16,0,1,0,0,66,0,77,82,65
75,0,92,0,75,47,63,10,0,0,0,0,69,0,0
72,22,0,36,0,79,0,12,99,0,46,0,86,94,65
0,0,41,0,0,0,18,0,0,0,0,53,62,0,0
79,89,43,95,70,28,0,0,0,0,0,50,24,0,94
0,86,82,0,8,0,76,0,0,0,0,0,35,46,0
34,52,0,0,0,0,45,10,73,0,0,46,0,0,0
16,0,0,91,53,0,0,67,0,0,79,0,38,0,0
0,0,0,63,0,0,0,0,51,59,5,5,0,60,77
95,0,0,84,80,0,0,30,0,30,0,13,0,37,0
0,93,0,92,0,41,95,2,27,0,0,0,0,68,58
87,51,0,0,79,8,18,40,0,79,98,0,88,99,79
0,0,0,0,88,17,0,87,26,84,0,0,40,42,0
0,0,0,10,81,0,78,0,0,0,98,53,80,97,0
68,28,37,0,99,37,0,62,0,44,0,0,49,63,0
41,0,0,16,0,0,0,0,0,35,42,8,0,14,0
0,9,0,0,49,0,0,0,83,66,0,0,0,0,0
66,26,41,95,57,0,61,29,0,68,0,0,3,95,0
0,19,37,50,0,0,0,26,84,60,68,96,0,0,0
19,0,0,42,0,93,0,0,0,47,55,52,12,41,79
55,0,76,15,78,59,9,0,0,0,7,0,0,21,73
65,7,0,58,0,0,0,61,0,0,0,0,0,0,0
0,0,0,0,22,10,25,69,61,0,59,0,0,22,0
7,0,24,92,24,48,0,81,0,0,50,0,0,0,58
99,0,1,77,0,0,94,62,0,0,98,32,0,0,0
0,0,0,23,61,0,0,0,95,0,0,0,10,30,0
0,12,24,71,0,0,0,14,0,28,22,0,0,0,74
0,0,44,42,24,0,76,0,0,0,0,0,0,0,0
54,84,0,23,10,0,0,0,98,23,0,42,0,26,0
0,0,76,90,15,0,73,76,1,0,48,0,0,0,0
0,84,0,0,0,0,65,0,23,0,0,0,62,3,16
0,0,0,84,0,8,69,0,30,0,0,0,65,0,0
0,0,93,47,0,89,60,31,0,0,0,0,88,0,0
31,46,0,82,31,75,0,33,64,32,0,0,0,51,97
0,93,0,17,15,3,68,0,93,29,0,0,0,12,0
0,0,68,0,14,18,0,69,0,0,39,58,0,44,0
0,0,87,0,19,0,99,67,0,44,0,72,67,0,77
1,0,47,0,66,0,0,13,0,0,0,45,61,67,13
0,0,36,31,0,26,7,0,0,47,0,57,0,71,0
0,0,0,65,95,0,0,47,71,0,0,42,0,73,78
49,22,0,0,0,14,0,6,63,0,13,0,36,79,99
0,88,0,59,0,0,0,0,0,0,1,0,0,0,54
38,0,0,82,0,0,0,0,55,70,48,0,88,0,0
0,65,51,0,62,0,80,21,0,40,0,3,0,11,97
50,36,0,25,80,0,0,0,0,0,0,80,0,60,0
36,36,0,0,73,41,27,0,0,36,81,0,0,46,32
0,0,0,0,58,0,0,56,0,0,68,52,96,76,52
42,0,0,72,0,35,53,41,64,60,0,0,0,0,42
11,0,0,0,0,1,66,0,49,0,92,0,0,52,58
0,0,0,4,0,0,14,0,0,9,0,0,29,0,0
0,0,0,63,77,31,0,0,0,86,5,69,0,0,28
0,0,57,95,53,8,55,69,30,0,0,55,0,66,33
97,16,75,0,41,0,39,0,34,0,0,40,0,71,1
0,0,56,0,67,0,0,0,73,0,0,0,0,0,0
91,66,21,61,1,42,58,42,0,0,0,13,48,0,98
0,22,8,0,0,0,0,0,60,0,73,57,66,0,0
66,0,5,52,0,79,29,0,0,98,37,51,60,44,26
0,0,0,0,24,5,0,0,0,4,99,63,74,0,0
0,60,0,0,0,0,0,77,48,24,0,0,0,0,0
0,4,0,96,76,2,76,46,0,8,38,31,47,0,89
0,65,38,12,2,57,50,43,0,0,0,0,61,41,0
80,0,0,0,67,22,77,0,0,0,0,15,17,10,0
0,97,0,97,2,0,9,0,80,0,3,0,72,43,0
65,0,0,84,0,27,43,3,0,0,0,0,0,0,0
0,0,0,48,7,0,69,0,0,82,83,0,68,93,0
0,53,59,64,67,0,0,0,0,71,91,0,17,44,0
97,0,0,0,0,0,10,0,0,47,16,35,62,0,97
0,2,0,55,0,43,0,84,32,0,0,0,63,0,0
17,0,0,0,0,0,68,93,0,0,0,44,0,0,0
0,0,0,12,0,1,0,0,0,62,63,53,76,0,0
54,55,0,70,63,0,0,0,1,0,69,0,46,17,66
0,88,62,0,8,0,8,48,0,0,84,38,0,21,0
77,0,54,0,36,74,0,0,0,38,0,80,0,99,71
92,7,0,84,2,0,39,0,0,39,80,91,74,0,16
11,0,89,25,0,0,4,92,18,11,6,0,0,0,0
37,0,72,0,77,0,0,87,33,88,0,0,2,0,33
90,0,0,0,49,0,34,76,65,35,55,49,0,0,0
0,73,97,84,0,16,53,70,83,25,76,0,18,0,0
2,0,99,0,70,51,0,0,0,29,5,5,83,66,0
0,0,0,0,29,0,23,70,0,9,13,48,0,0,57
91,74,35,0,87,0,24,0,61,67,1,0,0,17,0
0,58,46,0,0,53,70,56,0,15,0,0,10,73,0
0,49,0,35,71,47,0,84,0,74,4,62,59,0,64
0,0,0,84,89,31,0,0,0,59,1,0,50,86,0
0,0,0,0,0,0,0,91,0,3,0,0,0,0,0
36,28,0,0,0,14,65,3,0,0,57,0,22,29,0
1,77,86,0,70,0,0,0,47,0,0,99,0,0,0
88,0,0,53,99,89,0,0,98,89,0,3,64,0,17
0,61,0,46,13,93,0,0,0,65,0,0,87,0,0
17,0,19,23,0,81,0,0,0,3,0,0,58,0,0
0,34,6,0,0,87,0,90,43,64,0,0,0,36,0
0,67,37,72,5,0,0,4,73,0,0,17,34,0,0
0,0,0,89,0,54,11,34,23,22,0,89,0,48,0
20,80,0,32,0,0,52,3,52,39,0,0,0,0,0
0,0,93,0,0,0,0,0,34,35,0,0,34,94,0
0,0,40,48,0,0,3,51,77,0,0,0,61,18,99
10,2,0,52,99,0,0,0,60,0,0,0,0,42,47
85,0,0,0,66,0,35,0,0,18,0,34,72,0,6
1,39,19,92,0,0,71,95,89,0,55,17,0,40,0
0,0,0,0,55,0,0,91,95,33,0,44,0,0,84
0,34,0,5,0,64,0,0,0,0,92,0,3,76,0
8,84,69,0,0,20,0,90,8,0,87,29,0,0,23
0,0,0,16,24,0,0,49,0,34,0,0,5,33,0
0,0,17,15,0,0,23,11,0,0,0,0,13,2,36
22,90,68,97,0,51,0,0,59,32,0,0,0,0,20
0,44,0,67,25,33,0,28,52,93,26,0,90,61,96
38,0,50,0,12,0,95,28,91,0,0,0,74,47,0
72,0,0,0,0,0,52,0,0,0,59,2,80,0,22
97,1,0,0,14,38,0,0,65,78,36,76,6,0,0
0,0,0,44,3,49,0,0,0,0,52,0,0,0,97
0,94,0,0,9,47,0,0,39,0,2,85,0,0,35
0,1,0,9,74,7,0,10,37,98,0,0,77,32,0
55,0,19,86,0,0,0,96,66,0,28,0,49,0,0
0,0,86,0,0,0,0,26,0,0,0,0,74,56,10
0,0,27,0,75,61,0,80,90,0,0,49,39,0,30
0,7,0,8,0,0,0,0,0,50,97,0,0,71,83
0,0,0,0,0,92,70,0,15,0,16,0,25,42,0
0,0,0,85,98,9,0,0,23,0,0,15,0,49,0
0,0,82,0,0,14,72,0,0,97,74,12,15,73,0
68,0,0,0,99,0,23,0,15,82,0,16,13,0,0
15,1,51,0,98,94,0,85,11,0,39,46,0,0,26
99,0,11,0,0,0,0,11,38,34,53,13,0,0,0
38,0,92,60,98,37,15,68,88,59,0,0,24,0,0
0,0,57,87,0,12,77,72,17,0,52,0,0,37,93
0,40,83,83,66,83,0,0,0,0,0,3,0,0,70
0,0,8,39,38,72,0,0,74,0,30,0,0,0,0
84,14,0,0,0,53,0,0,0,0,0,42,87,54,0
24,0,38,75,78,7,0,74,0,23,0,3,0,23,0
70,69,0,0,0,0,0,27,6,0,0,71,36,0,83
0,0,0,0,76,15,0,34,7,0,0,55,0,27,0
0,0,57,0,73,0,79,0,0,0,6,0,0,0,0
13,31,0,0,0,0,0,44,0,0,0,0,0,0,0
57,0,7,33,0,0,0,0,0,42,0,23,54,0,0
18,74,0,0,0,0,41,1,74,0,30,0,58,0,30
0,0,0,4,0,0,0,28,0,20,43,0,85,11,0
51,75,0,77,0,85,0,0,0,8,9,89,0,0,0
94,56,0,0,71,80,96,60,94,0,0,0,66,0,82
0,0,55,64,52,60,0,72,0,0,0,0,0,54,0
0,59,0,0,0,14,6,0,0,35,25,63,0,85,0
15,89,0,25,41,3,0,19,3,21,0,0,87,0,0
4,75,72,18,0,0,0,0,0,79,51,0,0,19,28
12,62,0,45,0,0,96,93,57,0,37,3,56,19,74
22,65,21,0,9,68,36,0,0,0,84,0,0,0,0
71,0,28,50,67,46,3,0,80,14,0,39,0,57,75
38,0,0,30,10,0,74,0,0,57,0,0,0,10,91
0,0,0,46,0,0,5,0,97,0,75,0,0,0,98
47,0,20,54,0,0,42,0,32,32,65,0,17,24,0
99,69,0,0,0,0,0,0,0,0,0,0,0,0,0
77,0,0,0,0,12,72,72,71,17,0,0,0,0,86
0,0,0,0,80,0,30,0,0,67,0,7,32,0,74
20,0,65,16,0,86,0,3,80,60,0,44,2,74,0
62,0,34,0,0,0,0,88,0,0,93,51,0,0,20
10,0,0,0,0,36,73,0,37,75,0,0,4,0,0
0,79,0,44,55,32,88,72,0,73,0,28,4,0,18
0,74,86,0,18,0,95,0,9,7,0,72,1,0,36
25,43,0,0,93,0,0,42,42,17,0,53,0,51,35
2,15,0,0,0,0,0,75,92,0,0,79,76,21,37
0,37,0,0,0,13,48,0,0,0,77,10,0,0,0
54,0,61,30,0,16,0,66,0,3,40,0,0,57,82
9,0,0,73,91,0,0,0,0,27,91,77,0,69,39
22,0,45,0,64,27,79,33,0,0,0,0,0,80,0
0,0,0,0,52,0,44,37,0,94,0,0,0,0,0
0,0,68,0,0,0,1,0,25,92,90,0,0,0,34
0,0,0,91,72,4,0,0,21,87,29,38,0,65,99
97,28,44,0,94,48,0,0,84,0,41,26,42,0,0
0,59,0,26,0,0,0,0,0,97,76,10,0,42,25
0,0,37,73,39,53,0,84,0,21,77,0,3,0,42
0,0,49,10,0,0,0,0,71,0,0,0,0,81,0
0,31,96,0,0,0,0,26,0,0,44,0,0,0,0
0,11,0,75,4,0,18,0,24,0,54,77,0,29,94
0,98,59,0,0,0,0,5,0,46,67,4,51,79,22
0,17,26,34,0,6,60,0,0,54,29,0,0,0,0
0,94,0,0,50,0,0,0,3,0,46,0,0,0,34
0,0,0,0,46,31,96,0,0,71,0,60,0,65,80
65,11,11,0,0,0,80,0,0,0,55,0,0,0,84
0,89,20,0,0,0,8,96,0,58,0,0,92,0,23
0,49,0,0,19,0,0,47,0,0,0,0,24,99,0
92,18,77,61,0,8,36,0,0,5,72,53,24,0,0
88,11,0,3,35,21,0,0,38,25,2,28,0,68,0
69,0,0,87,0,95,35,0,0,59,95,95,0,0,48
33,0,13,71,0,22,77,22,0,0,0,83,31,22,0
42,82,57,0,0,92,0,0,32,54,21,0,52,0,13
0,0,37,0,0,8,0,0,0,0,95,0,0,0,0
58,26,8,2,0,0,27,97,41,47,71,0,62,74,39
4,37,0,0,25,0,8,0,0,53,10,31,0,86,6
52,75,0,49,0,0,22,0,6,62,0,0,36,0,15
0,96,52,0,10,0,0,57,0,0,0,26,59,69,0
58,0,28,44,92,82,26,46,15,0,46,0,0,0,60
0,91,65,45,92,0,37,0,0,0,32,90,56,0,0
0,55,0,0,18,36,24,60,0,0,0,0,91,53,0
2,44,81,50,22,0,13,0,72,19,44,28,0,91,60
41,92,0,47,5,0,78,3,0,0,0,0,63,0,41
0,0,62,0,0,98,13,0,95,0,0,0,35,57,93
59,0,78,0,78,25,6,0,15,0,69,15,59,0,9
0,84,71,0,0,0,80,11,13,31,0,22,0,0,84
0,0,45,0,0,74,0,0,49,0,0,61,0,88,23
0,0,0,0,84,0,80,45,0,30,0,0,0,60,88
46,0,0,49,17,0,80,0,0,0,8,59,0,0,96
39,0,0,24,47,0,45,0,55,64,0,40,0,34,64
35,43,71,8,12,51,69,48,0,49,60,68,94,0,0
0,16,82,0,0,72,58,46,20,4,0,53,52,0,8
0,27,50,40,14,0,96,85,0,0,58,0,26,0,0
0,0,0,57,0,68,0,0,68,32,0,61,36,0,86
69,51,71,0,70,15,33,63,0,0,0,26,0,0,81
0,46,0,18,22,0,0,0,40,92,46,83,0,97,14
25,0,57,8,0,0,10,0,79,0,39,78,0,63,0
38,0,10,0,17,0,0,68,0,19,0,0,0,7,0
0,0,31,34,97,5,42,0,13,12,75,0,78,29,0
55,0,71,0,0,58,0,0,0,80,0,90,0,0,0
7,63,65,0,38,68,29,0,90,40,18,0,0,98,65
0,7,14,0,0,8,57,4,0,93,0,0,0,0,0
89,0,97,0,0,50,0,0,0,20,96,0,0,0,0
62,0,63,6,0,0,33,56,0,0,97,95,0,77,0
0,38,96,0,83,54,0,0,48,0,0,0,46,0,93
0,25,0,82,9,0,0,0,0,0,0,97,0,13,0
0,79,69,0,0,0,0,0,56,88,76,93,80,22,0
32,85,0,67,0,0,0,0,67,0,0,0,66,0,22
53,0,13,0,19,0,0,73,0,13,0,0,0,70,68
94,39,96,0,0,0,21,56,0,0,29,0,37,0,28
0,0,38,0,0,97,0,61,0,0,12,66,29,42,0
0,40,0,30,0,28,0,0,0,0,38,0,0,0,24
0,76,51,46,71,0,88,85,42,59,19,0,94,0,34
0,0,0,84,66,0,0,0,40,77,0,0,0,0,0
87,0,0,58,0,50,0,0,19,19,0,24,0,0,25
44,89,0,0,29,0,8,0,0,0,83,0,17,0,0
0,0,48,0,0,0,66,0,0,20,0,0,92,11,21
0,82,0,0,5,0,0,90,0,18,0,0,0,77,0
56,11,82,0,0,13,85,27,13,0,64,0,83,0,0
0,27,0,56,0,0,78,0,68,0,0,70,11,0,0
0,0,29,0,47,0,20,0,0,0,48,71,82,15,0
0,75,0,0,15,27,70,0,64,50,0,51,24,0,3
0,0,0,0,9,0,70,68,70,2,0,87,0,89,35
1,0,0,47,12,19,22,94,0,9,0,0,0,0,0
52,0,0,7,0,55,89,9,52,0,33,81,61,43,50
39,0,67,0,0,93,0,0,0,27,0,0,53,0,0
0,0,0,70,5,38,0,0,0,0,82,0,92,13,70
0,0,0,0,0,75,17,0,43,25,0,0,22,87,43
91,39,20,0,0,69,3,62,0,12,13,0,0,0,0
0,0,53,0,0,23,0,19,84,0,0,0,0,91,0
82,0,0,44,11,72,30,0,29,0,0,0,0,66,2
12,0,0,0,0,6,86,49,35,64,83,0,0,27,0
81,57,0,0,22,86,0,94,0,0,81,63,77,0,0
0,0,74,0,65,0,25,0,0,0,70,8,0,83,57
19,48,0,0,0,48,80,0,0,0,87,32,0,0,0
29,0,98,21,0,0,82,65,0,36,33,81,74,0,0
78,65,0,48,54,0,0,62,32,63,41,0,79,95,0
93,75,44,0,99,0,0,7,0,34,0,67,0,97,0
75,0,0,34,0,0,0,83,0,0,0,0,96,59,0
34,36,0,0,0,29,0,0,0,75,0,86,0,40,1
0,42,0,78,0,8,18,0,58,5,13,0,54,0,0
0,30,14,0,30,42,77,80,81,0,20,84,0,0,0
66,0,0,18,33,0,26,24,74,0,0,25,0,10,0
0,67,0,96,2,0,0,0,33,0,0,97,0,60,44
0,0,65,84,60,28,34,0,11,0,2,0,0,0,56
0,0,89,51,0,0,0,8,48,0,49,0,52,0,33
33,61,71,25,60,71,0,0,0,0,97,24,0,61,50
0,0,0,78,0,0,0,95,0,0,22,0,0,90,13
0,70,0,40,73,91,27,0,40,0,23,0,41,56,0
0,34,0,21,0,0,10,57,0,1,80,0,2,0,0
0,0,23,0,0,0,0,0,0,0,0,26,94,42,0
0,0,0,91,31,0,85,31,99,0,91,0,0,0,8
66,0,81,67,0,79,0,0,31,68,0,0,0,0,0
63,62,95,80,45,0,17,62,20,0,0,53,82,0,0
76,47,27,45,61,57,0,95,43,0,0,24,0,43,36
72,46,0,70,0,19,21,94,0,0,0,0,0,0,15
12,0,81,0,87,58,0,70,31,0,0,0,72,0,0
52,64,18,0,93,13,0,0,0,0,21,0,10,0,0
41,20,82,0,45,0,44,0,0,0,0,68,39,0,0
57,0,0,0,0,0,18,76,0,0,45,0,35,27,39
0,21,2,0,27,83,0,0,62,0,46,28,8,85,68
58,41,0,0,48,0,74,0,71,47,0,0,0,0,12
29,99,63,0,0,30,16,0,77,0,0,40,2,0,0
64,0,0,47,0,0,0,38,64,23,0,0,0,0,96
0,69,0,24,0,54,32,83,0,67,0,32,60,0,69
0,0,67,32,0,0,28,73,68,77,0,28,0,11,7
0,6,91,0,0,0,0,96,0,0,97,59,75,81,99
18,23,0,0,12,0,0,0,0,0,0,0,0,0,17
0,14,29,0,79,0,0,0,0,75,0,24,0,85,0
9,0,9,82,38,0,0,6,43,19,75,0,0,59,40
38,67,85,0,42,0,38,0,89,53,51,4,33,0,8
32,0,82,0,60,0,73,0,10,0,0,0,31,53,0
78,78,41,0,0,0,94,0,69,0,0,0,0,41,53
0,96,96,80,32,0,0,43,5,0,0,0,0,0,0
45,0,21,95,0,10,0,42,0,0,0,0,0,4,0
0,24,0,9,4,0,48,64,0,0,0,3,2,10,0
89,2,0,91,0,0,0,21,0,0,0,13,0,47,0
66,10,63,0,57,13,0,39,0,49,69,0,30,6,22
0,65,11,5,0,93,0,0,89,0,0,13,56,0,0
0,61,0,40,0,0,0,54,26,64,48,0,0,45,0
0,54,20,1,97,0,26,0,32,0,11,96,0,0,0
86,0,0,0,0,75,0,87,0,36,0,35,7,0,77
2,8,12,32,0,0,0,0,59,77,30,88,70,0,0
30,85,0,30,86,0,0,24,0,75,78,60,40,0,42
56,56,64,27,0,66,53,0,0,5,32,74,79,0,82
0,34,39,0,43,74,0,0,0,53,0,27,28,0,0
0,0,0,0,0,0,38,95,97,3,15,93,47,0,81
81,32,0,75,0,22,0,29,61,0,0,0,12,87,29
59,12,0,0,0,41,0,12,5,90,0,86,0,0,84
0,0,98,0,57,62,0,0,0,0,65,76,45,4,66
5,0,89,35,0,0,2,68,0,0,0,98,83,0,0
0,0,52,0,49,28,59,3,15,64,0,0,65,16,0
0,0,90,66,20,84,67,84,66,0,15,72,74,0,0
81,0,0,0,0,0,61,87,0,0,0,19,4,0,93
69,0,28,0,32,95,0,0,76,38,97,69,22,28,80
39,0,8,0,0,62,78,17,97,78,0,18,0,15,0
0,97,0,0,0,16,48,82,0,0,0,5,72,2,0
35,47,0,0,21,57,28,22,28,0,0,0,0,0,0
0,0,0,49,6,92,0,0,0,0,15,86,0,41,60
0,0,24,94,0,0,73,45,15,34,0,0,27,0,0
0,0,0,0,53,81,0,54,95,0,0,6,38,28,0
0,12,30,45,40,23,0,8,0,82,0,94,0,0,51
0,0,67,0,0,65,0,0,0,48,0,32,0,0,60
88,0,0,0,0,0,0,82,0,92,13,55,5,1,4
39,99,20,0,13,0,0,38,24,0,27,19,75,0,67
81,54,0,0,25,39,43,3,26,0,0,0,0,63,0
73,0,25,0,35,0,72,0,84,0,77,0,38,0,0
0,0,53,98,19,0,56,19,40,85,51,55,0,0,0
0,0,0,60,0,47,8,0,51,0,36,74,0,0,34
53,63,67,94,37,3,0,49,0,34,0,0,16,67,0
0,0,85,34,0,0,0,0,0,53,92,0,0,0,54
32,0,0,26,41,0,92,0,36,0,84,0,0,0,95
36,0,0,29,81,2,89,0,53,0,65,0,0,6,68
98,0,98,0,50,0,27,98,0,68,99,63,42,0,55
0,0,19,60,77,0,0,0,45,0,26,0,73,34,0
66,0,0,0,0,62,61,0,0,0,84,0,90,0,9
70,68,70,0,92,0,13,63,53,40,0,61,65,22,0
0,42,0,70,82,0,0,0,0,61,0,71,0,23,0
0,32,0,0,0,0,12,0,0,77,36,85,27,69,0
0,0,93,41,82,77,0,0,64,68,0,0,0,0,15
0,0,48,27,0,0,25,60,0,0,0,0,72,0,0
0,0,73,0,0,80,0,20,0,42,0,60,77,20,23
0,0,0,12,55,0,48,33,0,0,0,0,0,0,46
18,0,0,15,0,0,0,65,0,85,0,82,0,17,40
0,0,0,0,61,0,0,0,0,0,0,17,0,47,39
34,0,77,44,0,0,53,71,0,0,61,2,0,0,41
10,65,74,21,16,70,57,78,1,73,55,96,0,23,0
77,0,6,59,0,0,13,0,0,0,0,5,0,0,0
0,0,0,8,4,0,79,0,6,0,19,0,58,35,0
0,11,0,0,0,10,2,0,3,15,0,0,14,0,0
0,41,0,87,0,47,13,0,0,42,73,69,0,21,5
79,14,0,0,2,0,22,65,0,0,89,0,15,57,0
35,11,0,0,0,53,24,51,0,79,5,0,0,0,0
96,87,31,0,6,0,0,0,0,0,19,0,66,85,0
50,60,77,55,0,93,71,0,0,0,0,0,0,0,0
0,76,0,47,0,84,73,88,0,34,0,0,76,0,0
84,0,0,30,0,57,0,0,24,52,71,10,18,0,0
0,0,36,87,67,41,98,0,0,0,81,0,0,75,0
54,96,16,59,0,64,0,0,94,0,86,0,0,48,0
2,0,0,0,90,77,8,30,66,74,76,27,0,29,88
0,0,0,0,80,0,58,0,0,59,0,0,0,40,0
0,13,0,0,92,13,22,0,72,0,45,46,0,93,0
14,36,0,0,0,0,0,42,0,0,47,0,0,86,0
0,0,88,0,57,88,0,0,57,0,0,35,0,0,60
0,0,59,72,97,0,0,1,0,37,0,0,23,75,52
44,27,26,12,0,64,27,0,32,60,43,0,0,0,0
0,81,0,0,32,48,1,0,13,85,69,0,13,0,0
94,0,0,0,0,74,0,87,0,0,0,0,0,0,47
51,0,0,0,0,0,28,97,64,27,0,0,45,0,0
7,0,11,0,54,0,23,0,0,0,81,0,29,0,80
57,0,31,77,53,0,0,40,0,93,0,21,57,0,0
0,0,0,47,0,0,0,89,72,5,0,48,0,0,20
96,59,0,8,0,0,0,0,72,0,0,39,4,0,65
15,65,26,63,0,0,0,0,0,0,82,0,10,5,0
99,84,78,0,10,83,0,0,0,91,0,78,0,0,58
29,0,0,0,0,38,0,40,65,0,0,0,0,53,87
91,71,0,37,32,0,0,0,39,0,0,0,0,0,0
8,5,0,65,0,62,0,0,60,0,0,0,4,0,0
38,63,69,84,0,0,60,0,0,0,0,10,48,11,41
0,53,0,0,0,92,0,84,68,89,27,99,41,0,0
86,72,0,0,63,17,0,46,0,0,0,78,25,78,0
86,0,0,0,74,0,41,0,65,0,0,44,66,0,0
10,9,67,90,0,34,12,0,85,99,0,35,0,10,48
0,97,20,0,0,32,0,0,0,0,0,63,0,67,3
88,0,0,0,27,0,0,0,1,0,25,25,61,0,0
0,51,0,0,0,10,22,0,0,0,0,58,0,0,0
0,0,52,22,0,68,41,37,95,0,0,0,0,31,47
0,59,42,0,40,0,12,2,12,17,0,51,0,0,50
12,25,76,14,0,2,0,41,0,0,0,90,0,53,73
6,0,0,0,0,0,2,0,50,2,4,65,82,0,0
0,0,0,67,65,0,78,33,26,55,0,23,35,94,0
5,56,0,0,0,0,0,23,0,0,16,0,23,52,14
17,80,0,0,0,0,0,0,86,93,0,0,57,0,88
21,0,0,42,16,0,86,0,0,63,85,34,0,0,77
0,11,8,0,90,0,0,0,6,42,0,0,31,52,33
79,0,4,0,47,30,0,52,0,0,67,0,0,16,0
53,32,98,39,26,0,0,94,32,0,0,73,0,14,0
80,0,0,0,0,0,0,0,0,21,0,70,0,0,0
87,4,68,0,22,48,0,0,5,93,0,0,41,20,31
0,48,29,80,86,0,0,34,5,17,10,53,0,0,0
0,0,78,97,0,8,0,0,48,0,89,57,0,96,44
52,31,54,0,39,55,76,42,0,79,0,0,41,27,0
31,0,0,78,28,0,0,23,57,0,44,2,0,91,88
12,0,0,0,56,78,56,37,62,0,64,0,0,0,85
99,0,80,0,86,0,0,0,0,0,0,0,0,40,12
94,0,39,0,41,73,0,24,0,37,35,5,0,31,0
29,0,0,98,0,0,48,0,0,97,0,0,28,71,55
38,7,0,0,20,0,46,41,53,0,2,0,54,0,15
0,0,0,20,69,56,19,21,41,0,0,0,0,0,0
13,68,9,93,26,87,0,0,11,0,39,97,38,10,34
0,0,61,50,0,0,88,64,5,34,0,0,0,0,39
98,0,0,39,47,33,0,48,56,93,0,59,74,57,38
86,0,0,0,0,0,26,89,51,51,29,0,62,0,26
8,66,0,0,0,0,44,1,55,0,0,47,0,80,65
67,60,55,0,24,58,0,10,0,0,10,0,76,0,0
0,0,0,51,26,48,49,0,60,0,47,0,84,35,0
63,11,19,62,59,46,94,73,14,0,0,0,89,19,0
8,12,0,0,41,0,0,78,39,81,60,0,0,21,66
0,0,0,0,0,2,76,34,0,74,45,0,73,0,0
5,89,0,0,0,80,72,85,55,45,0,0,0,0,35
0,86,0,0,0,0,0,78,57,51,76,65,97,54,0
92,4,0,26,29,68,26,41,40,95,0,0,76,0,51
0,0,0,0,0,21,11,0,0,0,0,0,0,18,13
0,0,0,39,56,87,0,0,37,2,0,20,29,0,62
0,0,0,96,14,0,79,0,0,0,16,34,61,69,0
36,76,96,96,0,45,0,0,0,0,0,85,0,0,26
0,72,35,0,0,82,44,51,65,0,45,0,25,0,29
66,93,0,89,0,38,38,27,0,36,14,31,83,88,0
0,31,10,0,0,0,0,27,10,0,11,0,8,0,0
14,86,0,0,50,68,0,0,0,0,17,0,73,78,89
89,0,28,0,32,62,45,0,0,60,0,0,0,0,10
36,72,22,34,93,0,0,3,0,49,0,0,20,0,0
0,0,10,0,0,0,0,27,0,0,0,19,0,59,0
0,38,0,0,32,86,0,0,79,0,0,0,0,0,29
76,81,60,32,0,45,0,0,5,49,10,4,0,38,0
99,22,96,62,88,78,21,0,45,0,29,12,22,89,85
25,60,0,96,40,68,68,0,66,42,0,88,44,0,67
0,60,88,0,0,0,78,0,0,0,5,5,80,69,59
0,74,73,0,0,30,90,0,0,0,88,87,0,0,0
0,0,0,0,18,51,68,0,0,0,0,20,0,18,19
0,60,65,97,68,0,71,34,0,21,0,0,28,0,0
0,0,2,47,0,40,0,72,0,0,9,75,0,30,0
0,67,91,0,0,55,0,0,60,0,0,0,0,20,0
0,0,0,0,35,0,0,17,75,0,0,0,0,0,0
0,0,0,86,0,0,0,0,0,0,0,81,30,0,90
0,0,15,93,0,0,0,0,5,2,1,0,0,89,0
0,27,0,79,32,46,37,17,34,79,17,0,0,0,10
0,1,0,0,0,0,0,0,0,0,23,42,0,76,80
0,15,0,0,0,0,0,67,73,4,45,78,0,0,0
13,0,42,84,0,32,0,61,0,14,2,0,55,0,0
20,45,35,87,30,77,43,0,33,52,0,84,0,0,12
0,0,2,0,0,0,78,0,24,0,0,0,85,0,0
27,60,0,53,0,0,8,0,42,19,51,41,0,93,29
0,0,0,0,89,21,71,0,51,0,0,0,0,16,0
0,0,12,0,55,0,0,0,63,0,29,62,0,3,0
85,12,0,0,0,41,0,0,7,69,0,51,95,0,0
